<?xml version="1.0" encoding="UTF-8"?>
<project-private xmlns="http://www.netbeans.org/ns/project-private/1">
    <editor-bookmarks xmlns="http://www.netbeans.org/ns/editor-bookmarks/2" lastBookmarkId="0"/>
    <open-files xmlns="http://www.netbeans.org/ns/projectui-open-files/2">
        <group>
            <file>file:/E:/Development/WPL/project/project/index.php</file>
            <file>file:/E:/Development/WPL/project/project/js/common.js</file>
            <file>file:/E:/Development/WPL/project/project/css/common.css</file>
            <file>file:/E:/Development/WPL/project/project/Databaseadapter.php</file>
            <file>file:/E:/Development/WPL/project/project/checkout.php</file>
            <file>file:/E:/Development/WPL/project/project/viewcart.php</file>
            <file>file:/E:/Development/WPL/project/project/subscribe.php</file>
            <file>file:/E:/Development/WPL/project/project/editprofile.php</file>
            <file>file:/E:/Development/WPL/project/project/subscriptionhistory.php</file>
            <file>file:/E:/Development/WPL/project/project/js/slider.js</file>
            <file>file:/E:/Development/WPL/project/project/forgotpassword.php</file>
            <file>file:/E:/Development/WPL/project/project/login.php</file>
            <file>file:/E:/Development/WPL/project/project/message.php</file>
            <file>file:/E:/Development/WPL/project/project/common/header.php</file>
            <file>file:/E:/Development/WPL/project/project/test.html</file>
            <file>file:/E:/Development/WPL/project/project/ajaxrequest.php</file>
        </group>
    </open-files>
</project-private>
